{"cameraMode":{"drawMode":0,"name":"Shaded","section":"Shading Mode"},"sceneLighting":true,"audioPlay":false,"sceneViewState":{"showFog":true,"showMaterialUpdate":false,"showSkybox":true,"showFlares":true,"showImageEffects":true,"showParticleSystems":true},"in2DMode":false,"pivot":{"x":528.6085815429688,"y":685.6932983398438,"z":0.5008010864257813},"rotation":{"x":-0.060274288058280948,"y":0.005085728596895933,"z":-0.00030705129029229283,"w":-0.9981688857078552},"size":147.99249267578126,"orthographic":false}