{"cameraMode":{"drawMode":0,"name":"Shaded","section":"Shading Mode"},"sceneLighting":true,"audioPlay":false,"sceneViewState":{"showFog":true,"showMaterialUpdate":false,"showSkybox":true,"showFlares":true,"showImageEffects":true,"showParticleSystems":true},"in2DMode":false,"pivot":{"x":1.5717214345932007,"y":-0.9380345344543457,"z":-14.127580642700196},"rotation":{"x":-0.044791195541620257,"y":-0.9057196974754334,"z":0.40970951318740847,"w":-0.099014513194561},"size":9.244187355041504,"orthographic":false}