{"cameraMode":{"drawMode":0,"name":"Shaded","section":"Shading Mode"},"sceneLighting":true,"audioPlay":false,"sceneViewState":{"showFog":true,"showMaterialUpdate":false,"showSkybox":true,"showFlares":true,"showImageEffects":true,"showParticleSystems":true},"in2DMode":false,"pivot":{"x":7.287492752075195,"y":-21.866111755371095,"z":-27.561038970947267},"rotation":{"x":-0.08456207811832428,"y":-0.8847404718399048,"z":0.42281821370124819,"w":-0.17694197595119477},"size":35.580867767333987,"orthographic":false}