{"cameraMode":{"drawMode":0,"name":"Shaded","section":"Shading Mode"},"sceneLighting":true,"audioPlay":false,"sceneViewState":{"showFog":true,"showMaterialUpdate":false,"showSkybox":true,"showFlares":true,"showImageEffects":true,"showParticleSystems":true},"in2DMode":false,"pivot":{"x":16.150541305541993,"y":-57.38105773925781,"z":26.522113800048829},"rotation":{"x":-0.4703909158706665,"y":-0.3052446246147156,"z":0.17754274606704713,"w":-0.8087254166603088},"size":125.05227661132813,"orthographic":false}