{"cameraMode":{"drawMode":0,"name":"Shaded","section":"Shading Mode"},"sceneLighting":true,"audioPlay":false,"sceneViewState":{"showFog":true,"showMaterialUpdate":false,"showSkybox":true,"showFlares":true,"showImageEffects":true,"showParticleSystems":true},"in2DMode":false,"pivot":{"x":-99.79566192626953,"y":-30.776817321777345,"z":74.77570343017578},"rotation":{"x":0.3013950288295746,"y":-0.3295840620994568,"z":0.11190110445022583,"w":0.8877012729644775},"size":150.80685424804688,"orthographic":false}