{"cameraMode":{"drawMode":0,"name":"Shaded","section":"Shading Mode"},"sceneLighting":true,"audioPlay":false,"sceneViewState":{"showFog":true,"showMaterialUpdate":false,"showSkybox":true,"showFlares":true,"showImageEffects":true,"showParticleSystems":true},"in2DMode":false,"pivot":{"x":-4.316144943237305,"y":-4.985038757324219,"z":-3.602353572845459},"rotation":{"x":-0.1665572077035904,"y":0.827516496181488,"z":-0.42956703901290896,"w":-0.3208540678024292},"size":15.771217346191407,"orthographic":false}