{"cameraMode":{"drawMode":0,"name":"Shaded","section":"Shading Mode"},"sceneLighting":false,"audioPlay":false,"sceneViewState":{"showFog":true,"showMaterialUpdate":false,"showSkybox":false,"showFlares":true,"showImageEffects":true,"showParticleSystems":true},"in2DMode":false,"pivot":{"x":0.0004782676696777344,"y":1.0000009536743165,"z":-4.210954189300537},"rotation":{"x":0.38482287526130679,"y":0.3650094270706177,"z":-0.16908839344978333,"w":0.8307157754898071},"size":19.013099670410158,"orthographic":false}