{"cameraMode":{"drawMode":0,"name":"Shaded","section":"Shading Mode"},"sceneLighting":true,"audioPlay":false,"sceneViewState":{"showFog":true,"showMaterialUpdate":false,"showSkybox":true,"showFlares":true,"showImageEffects":true,"showParticleSystems":true},"in2DMode":false,"pivot":{"x":-8.971217155456543,"y":16.022865295410158,"z":-3.6849098205566408},"rotation":{"x":-0.36548712849617007,"y":-0.37775757908821108,"z":0.1654529869556427,"w":-0.834472119808197},"size":7.560829162597656,"orthographic":false}