{"cameraMode":{"drawMode":0,"name":"Shaded","section":"Shading Mode"},"sceneLighting":true,"audioPlay":false,"sceneViewState":{"showFog":true,"showMaterialUpdate":false,"showSkybox":true,"showFlares":true,"showImageEffects":true,"showParticleSystems":true},"in2DMode":false,"pivot":{"x":-29.366764068603517,"y":-1.6105728149414063,"z":43.291133880615237},"rotation":{"x":0.2752627730369568,"y":-0.1761212795972824,"z":0.051371656358242038,"w":0.9437016248703003},"size":89.65998077392578,"orthographic":false}