{"cameraMode":{"drawMode":0,"name":"Shaded","section":"Shading Mode"},"sceneLighting":true,"audioPlay":false,"sceneViewState":{"showFog":true,"showMaterialUpdate":false,"showSkybox":true,"showFlares":true,"showImageEffects":true,"showParticleSystems":true},"in2DMode":false,"pivot":{"x":-1.047459602355957,"y":2.550563335418701,"z":-9.993083953857422},"rotation":{"x":0.05366189032793045,"y":0.8714758157730103,"z":-0.09792551398277283,"w":0.47755712270736697},"size":5.174322605133057,"orthographic":true}