{"cameraMode":{"drawMode":0,"name":"Shaded","section":"Shading Mode"},"sceneLighting":false,"audioPlay":false,"sceneViewState":{"showFog":true,"showMaterialUpdate":false,"showSkybox":false,"showFlares":true,"showImageEffects":true,"showParticleSystems":true},"in2DMode":false,"pivot":{"x":0.47411441802978518,"y":0.010367035865783692,"z":-0.112823486328125},"rotation":{"x":0.21765637397766114,"y":0.3385451138019562,"z":-0.08080907166004181,"w":0.9118567705154419},"size":3.257676362991333,"orthographic":false}