{"cameraMode":{"drawMode":0,"name":"Shaded","section":"Shading Mode"},"sceneLighting":true,"audioPlay":false,"sceneViewState":{"showFog":true,"showMaterialUpdate":false,"showSkybox":true,"showFlares":true,"showImageEffects":true,"showParticleSystems":true},"in2DMode":false,"pivot":{"x":-0.3534061908721924,"y":2.5818564891815187,"z":-5.37965202331543},"rotation":{"x":-0.024021128192543985,"y":-0.975833535194397,"z":0.14480136334896089,"w":-0.1618780791759491},"size":10.451190948486329,"orthographic":false}