{"cameraMode":{"drawMode":0,"name":"Shaded","section":"Shading Mode"},"sceneLighting":true,"audioPlay":false,"sceneViewState":{"showFog":true,"showMaterialUpdate":false,"showSkybox":true,"showFlares":true,"showImageEffects":true,"showParticleSystems":true},"in2DMode":false,"pivot":{"x":9.403955459594727,"y":24.93583869934082,"z":-22.672954559326173},"rotation":{"x":0.39310798048973086,"y":-0.19725224375724793,"z":0.08674626797437668,"w":0.8938862681388855},"size":10.969372749328614,"orthographic":false}