{"cameraMode":{"drawMode":0,"name":"Shaded","section":"Shading Mode"},"sceneLighting":true,"audioPlay":false,"sceneViewState":{"showFog":true,"showMaterialUpdate":false,"showSkybox":true,"showFlares":true,"showImageEffects":true,"showParticleSystems":true},"in2DMode":false,"pivot":{"x":9.263765335083008,"y":-45.32998275756836,"z":32.277801513671878},"rotation":{"x":-0.5084965229034424,"y":-0.11501618474721909,"z":0.06875935196876526,"w":-0.8505732417106628},"size":107.85257720947266,"orthographic":false}