{"cameraMode":{"drawMode":0,"name":"Shaded","section":"Shading Mode"},"sceneLighting":false,"audioPlay":false,"sceneViewState":{"showFog":true,"showMaterialUpdate":false,"showSkybox":false,"showFlares":true,"showImageEffects":true,"showParticleSystems":true},"in2DMode":false,"pivot":{"x":0.44722676277160647,"y":-0.12457275390625,"z":0.7077577710151672},"rotation":{"x":-0.24602359533309937,"y":-0.5190964341163635,"z":0.15905244648456574,"w":-0.8029406070709229},"size":4.986307621002197,"orthographic":false}