{"cameraMode":{"drawMode":0,"name":"Shaded","section":"Shading Mode"},"sceneLighting":true,"audioPlay":false,"sceneViewState":{"showFog":true,"showMaterialUpdate":false,"showSkybox":true,"showFlares":true,"showImageEffects":true,"showParticleSystems":true},"in2DMode":false,"pivot":{"x":10.989532470703125,"y":-0.9614467620849609,"z":-44.328468322753909},"rotation":{"x":-0.005543629638850689,"y":-0.9904931783676148,"z":0.041945770382881168,"w":-0.13089340925216676},"size":44.94563293457031,"orthographic":false}