{"cameraMode":{"drawMode":0,"name":"Shaded","section":"Shading Mode"},"sceneLighting":true,"audioPlay":false,"sceneViewState":{"showFog":true,"showMaterialUpdate":false,"showSkybox":true,"showFlares":true,"showImageEffects":true,"showParticleSystems":true},"in2DMode":false,"pivot":{"x":101.56084442138672,"y":558.7845458984375,"z":-26.3797607421875},"rotation":{"x":-0.1333712786436081,"y":-0.027654428035020829,"z":0.0037225079722702505,"w":-0.9906732439994812},"size":1082.8350830078125,"orthographic":false}