{"cameraMode":{"drawMode":0,"name":"Shaded","section":"Shading Mode"},"sceneLighting":true,"audioPlay":false,"sceneViewState":{"showFog":true,"showMaterialUpdate":false,"showSkybox":true,"showFlares":true,"showImageEffects":true,"showParticleSystems":true},"in2DMode":false,"pivot":{"x":-4.510641098022461,"y":-3.507589817047119,"z":2.5708236694335939},"rotation":{"x":0.34075668454170229,"y":-0.4753468930721283,"z":0.20650866627693177,"w":0.7844007015228272},"size":23.42865753173828,"orthographic":false}