{"cameraMode":{"drawMode":0,"name":"Shaded","section":"Shading Mode"},"sceneLighting":false,"audioPlay":false,"sceneViewState":{"showFog":true,"showMaterialUpdate":false,"showSkybox":false,"showFlares":true,"showImageEffects":true,"showParticleSystems":true},"in2DMode":false,"pivot":{"x":-4.308902740478516,"y":-3.2608489990234377,"z":10.78807544708252},"rotation":{"x":-0.3730534613132477,"y":0.3061918616294861,"z":-0.13192573189735413,"w":-0.8658367991447449},"size":15.025165557861329,"orthographic":false}