{"cameraMode":{"drawMode":0,"name":"Shaded","section":"Shading Mode"},"sceneLighting":true,"audioPlay":false,"sceneViewState":{"showFog":true,"showMaterialUpdate":false,"showSkybox":true,"showFlares":true,"showImageEffects":true,"showParticleSystems":true},"in2DMode":false,"pivot":{"x":44.64472579956055,"y":-35.180912017822269,"z":78.44676971435547},"rotation":{"x":-0.2415681928396225,"y":-0.28232237696647646,"z":0.0736900046467781,"w":-0.9254775643348694},"size":167.22845458984376,"orthographic":false}