{"cameraMode":{"drawMode":0,"name":"Shaded","section":"Shading Mode"},"sceneLighting":false,"audioPlay":false,"sceneViewState":{"showFog":true,"showMaterialUpdate":false,"showSkybox":false,"showFlares":true,"showImageEffects":true,"showParticleSystems":true},"in2DMode":false,"pivot":{"x":-0.28271210193634035,"y":0.03329348564147949,"z":-0.2615199089050293},"rotation":{"x":-0.13845141232013703,"y":0.8600380420684815,"z":-0.3736184239387512,"w":-0.3187084496021271},"size":12.007379531860352,"orthographic":false}