{"cameraMode":{"drawMode":0,"name":"Shaded","section":"Shading Mode"},"sceneLighting":true,"audioPlay":false,"sceneViewState":{"showFog":true,"showMaterialUpdate":false,"showSkybox":true,"showFlares":true,"showImageEffects":true,"showParticleSystems":true},"in2DMode":false,"pivot":{"x":8.250670433044434,"y":-13.163536071777344,"z":14.38267707824707},"rotation":{"x":0.33602190017700198,"y":0.20260629057884217,"z":-0.07425803691148758,"w":0.916801929473877},"size":40.493770599365237,"orthographic":false}