{"cameraMode":{"drawMode":0,"name":"Shaded","section":"Shading Mode"},"sceneLighting":false,"audioPlay":false,"sceneViewState":{"showFog":true,"showMaterialUpdate":false,"showSkybox":false,"showFlares":true,"showImageEffects":true,"showParticleSystems":true},"in2DMode":false,"pivot":{"x":-0.09716430306434632,"y":0.16443347930908204,"z":0.370963454246521},"rotation":{"x":0.42605236172676089,"y":-0.09605006873607636,"z":0.04554899036884308,"w":0.8984314799308777},"size":2.2863070964813234,"orthographic":false}