{"cameraMode":{"drawMode":0,"name":"Shaded","section":"Shading Mode"},"sceneLighting":true,"audioPlay":false,"sceneViewState":{"showFog":true,"showMaterialUpdate":true,"showSkybox":true,"showFlares":true,"showImageEffects":true,"showParticleSystems":true},"in2DMode":false,"pivot":{"x":15.305213928222657,"y":-23.903989791870118,"z":19.664596557617189},"rotation":{"x":-0.35571447014808657,"y":-0.30232805013656618,"z":0.12279646098613739,"w":-0.8757773637771606},"size":54.57453155517578,"orthographic":false}