{"cameraMode":{"drawMode":0,"name":"Shaded","section":"Shading Mode"},"sceneLighting":true,"audioPlay":false,"sceneViewState":{"showFog":true,"showMaterialUpdate":true,"showSkybox":true,"showFlares":true,"showImageEffects":true,"showParticleSystems":true},"in2DMode":false,"pivot":{"x":-51.92836380004883,"y":8.052923202514649,"z":25.446245193481447},"rotation":{"x":-0.21844784915447236,"y":0.3295022249221802,"z":-0.0786517783999443,"w":-0.9151627421379089},"size":68.54341888427735,"orthographic":false}