{"cameraMode":{"drawMode":0,"name":"Shaded","section":"Shading Mode"},"sceneLighting":false,"audioPlay":false,"sceneViewState":{"showFog":true,"showMaterialUpdate":false,"showSkybox":false,"showFlares":true,"showImageEffects":true,"showParticleSystems":true},"in2DMode":false,"pivot":{"x":-0.4811408519744873,"y":-1.3435580730438233,"z":-0.07426843792200089},"rotation":{"x":-0.4364412724971771,"y":0.5535241961479187,"z":-0.4258931875228882,"w":-0.5672257542610169},"size":2.6235015392303469,"orthographic":false}