{"cameraMode":{"drawMode":0,"name":"Shaded","section":"Shading Mode"},"sceneLighting":true,"audioPlay":false,"sceneViewState":{"showFog":true,"showMaterialUpdate":false,"showSkybox":true,"showFlares":true,"showImageEffects":true,"showParticleSystems":true},"in2DMode":false,"pivot":{"x":7.509284019470215,"y":-1.3957548141479493,"z":0.40742993354797366},"rotation":{"x":-0.11393866688013077,"y":-0.6236289739608765,"z":0.09254620224237442,"w":-0.7678151726722717},"size":22.44106674194336,"orthographic":false}