{"cameraMode":{"drawMode":0,"name":"Shaded","section":"Shading Mode"},"sceneLighting":true,"audioPlay":false,"sceneViewState":{"showFog":true,"showMaterialUpdate":false,"showSkybox":true,"showFlares":true,"showImageEffects":true,"showParticleSystems":true},"in2DMode":false,"pivot":{"x":-0.9246145486831665,"y":-8.910648345947266,"z":9.420836448669434},"rotation":{"x":-0.5823992490768433,"y":-0.045788656920194629,"z":0.03288433328270912,"w":-0.8109458684921265},"size":44.097938537597659,"orthographic":false}