{"cameraMode":{"drawMode":0,"name":"Shaded","section":"Shading Mode"},"sceneLighting":false,"audioPlay":false,"sceneViewState":{"showFog":true,"showMaterialUpdate":false,"showSkybox":false,"showFlares":true,"showImageEffects":true,"showParticleSystems":true},"in2DMode":false,"pivot":{"x":0.883013129234314,"y":0.6348428726196289,"z":-2.119971513748169},"rotation":{"x":-0.5295152068138123,"y":0.0639963299036026,"z":-0.04010601341724396,"w":-0.8449317216873169},"size":5.460560321807861,"orthographic":false}