{"cameraMode":{"drawMode":0,"name":"Shaded","section":"Shading Mode"},"sceneLighting":false,"audioPlay":false,"sceneViewState":{"showFog":true,"showMaterialUpdate":false,"showSkybox":false,"showFlares":true,"showImageEffects":true,"showParticleSystems":true},"in2DMode":false,"pivot":{"x":-0.06980240345001221,"y":0.46376681327819826,"z":0.20736479759216309},"rotation":{"x":-0.3547755181789398,"y":-0.20591600239276887,"z":0.08041700720787049,"w":-0.9084415435791016},"size":2.8863070011138918,"orthographic":false}