{"cameraMode":{"drawMode":0,"name":"Shaded","section":"Shading Mode"},"sceneLighting":true,"audioPlay":false,"sceneViewState":{"showFog":true,"showMaterialUpdate":false,"showSkybox":true,"showFlares":true,"showImageEffects":true,"showParticleSystems":true},"in2DMode":false,"pivot":{"x":20.7613525390625,"y":-85.1048355102539,"z":80.49577331542969},"rotation":{"x":-0.3993097245693207,"y":-0.08862350881099701,"z":0.038815975189208987,"w":-0.91169673204422},"size":169.5178985595703,"orthographic":false}