{"cameraMode":{"drawMode":0,"name":"Shaded","section":"Shading Mode"},"sceneLighting":false,"audioPlay":false,"sceneViewState":{"showFog":true,"showMaterialUpdate":false,"showSkybox":false,"showFlares":true,"showImageEffects":true,"showParticleSystems":true},"in2DMode":false,"pivot":{"x":-0.005050778388977051,"y":0.9945578575134277,"z":1.6346771717071534},"rotation":{"x":-0.471547931432724,"y":-0.25047436356544497,"z":0.14169402420520783,"w":-0.8335633873939514},"size":5.734236240386963,"orthographic":false}