{"cameraMode":{"drawMode":0,"name":"Shaded","section":"Shading Mode"},"sceneLighting":false,"audioPlay":false,"sceneViewState":{"showFog":true,"showMaterialUpdate":false,"showSkybox":false,"showFlares":true,"showImageEffects":true,"showParticleSystems":true},"in2DMode":false,"pivot":{"x":0.01050424575805664,"y":0.8224239349365234,"z":-0.2829625606536865},"rotation":{"x":-0.04516025260090828,"y":-0.8621000647544861,"z":0.07807637751102448,"w":-0.4986463189125061},"size":4.054870128631592,"orthographic":false}