{"cameraMode":{"drawMode":0,"name":"Shaded","section":"Shading Mode"},"sceneLighting":true,"audioPlay":false,"sceneViewState":{"showFog":true,"showMaterialUpdate":false,"showSkybox":true,"showFlares":true,"showImageEffects":true,"showParticleSystems":true},"in2DMode":false,"pivot":{"x":-9.704339027404786,"y":23.07027816772461,"z":-11.656667709350586},"rotation":{"x":-0.5269004702568054,"y":-0.25062641501426699,"z":0.16611406207084657,"w":-0.7949644923210144},"size":13.767339706420899,"orthographic":false}