{"cameraMode":{"drawMode":0,"name":"Shaded","section":"Shading Mode"},"sceneLighting":true,"audioPlay":false,"sceneViewState":{"showFog":true,"showMaterialUpdate":false,"showSkybox":true,"showFlares":true,"showImageEffects":true,"showParticleSystems":true},"in2DMode":false,"pivot":{"x":-14.833370208740235,"y":22.71113395690918,"z":-4.609264373779297},"rotation":{"x":-0.41968971490859988,"y":-0.5322271585464478,"z":0.34363919496536257,"w":-0.6500053405761719},"size":22.0,"orthographic":false}