{"cameraMode":{"drawMode":0,"name":"Shaded","section":"Shading Mode"},"sceneLighting":false,"audioPlay":false,"sceneViewState":{"showFog":true,"showMaterialUpdate":false,"showSkybox":false,"showFlares":true,"showImageEffects":true,"showParticleSystems":true},"in2DMode":false,"pivot":{"x":-0.1967107504606247,"y":-0.07553071528673172,"z":0.03600633144378662},"rotation":{"x":-0.0168171264231205,"y":-0.0245945006608963,"z":0.0004110099689569324,"w":-0.9995560050010681},"size":1.4334523677825928,"orthographic":false}