{"cameraMode":{"drawMode":0,"name":"Shaded","section":"Shading Mode"},"sceneLighting":false,"audioPlay":false,"sceneViewState":{"showFog":true,"showMaterialUpdate":false,"showSkybox":false,"showFlares":true,"showImageEffects":true,"showParticleSystems":true},"in2DMode":false,"pivot":{"x":-0.3412220776081085,"y":0.5472815036773682,"z":-0.4211592674255371},"rotation":{"x":-0.5686081051826477,"y":-0.00048709919792599976,"z":0.00033524708123877645,"w":-0.8226083517074585},"size":3.9194631576538088,"orthographic":false}