{"cameraMode":{"drawMode":0,"name":"Shaded","section":"Shading Mode"},"sceneLighting":true,"audioPlay":false,"sceneViewState":{"showFog":true,"showMaterialUpdate":false,"showSkybox":true,"showFlares":true,"showImageEffects":true,"showParticleSystems":true},"in2DMode":false,"pivot":{"x":1.388254165649414,"y":-18.08309555053711,"z":23.78079605102539},"rotation":{"x":0.4472595751285553,"y":0.18021902441978455,"z":-0.09252610802650452,"w":0.871159553527832},"size":79.97071075439453,"orthographic":false}