{"cameraMode":{"drawMode":0,"name":"Shaded","section":"Shading Mode"},"sceneLighting":true,"audioPlay":false,"sceneViewState":{"showFog":true,"showMaterialUpdate":false,"showSkybox":true,"showFlares":true,"showImageEffects":true,"showParticleSystems":true},"in2DMode":false,"pivot":{"x":1.066166877746582,"y":-9.680234909057618,"z":5.359162330627441},"rotation":{"x":-0.4629742503166199,"y":-0.15229569375514985,"z":0.08109751343727112,"w":-0.8694159388542175},"size":29.908504486083986,"orthographic":false}