{"cameraMode":{"drawMode":0,"name":"Shaded","section":"Shading Mode"},"sceneLighting":false,"audioPlay":false,"sceneViewState":{"showFog":true,"showMaterialUpdate":false,"showSkybox":false,"showFlares":true,"showImageEffects":true,"showParticleSystems":true},"in2DMode":false,"pivot":{"x":0.07828375697135925,"y":-1.2728497982025147,"z":-0.7087047696113586},"rotation":{"x":-0.6426050066947937,"y":-0.26019245386123659,"z":0.24695970118045808,"w":-0.6770299673080444},"size":4.657884120941162,"orthographic":false}