{"cameraMode":{"drawMode":0,"name":"Shaded","section":"Shading Mode"},"sceneLighting":true,"audioPlay":false,"sceneViewState":{"showFog":true,"showMaterialUpdate":false,"showSkybox":true,"showFlares":true,"showImageEffects":true,"showParticleSystems":true},"in2DMode":false,"pivot":{"x":219.62705993652345,"y":268.3215637207031,"z":-24.43408203125},"rotation":{"x":-0.027308302000164987,"y":0.0200811717659235,"z":-0.0005502283456735313,"w":-0.9994252324104309},"size":518.561279296875,"orthographic":false}