{"cameraMode":{"drawMode":0,"name":"Shaded","section":"Shading Mode"},"sceneLighting":true,"audioPlay":false,"sceneViewState":{"showFog":true,"showMaterialUpdate":false,"showSkybox":true,"showFlares":true,"showImageEffects":true,"showParticleSystems":true},"in2DMode":false,"pivot":{"x":25.745891571044923,"y":-83.27621459960938,"z":33.94502639770508},"rotation":{"x":-0.5141932368278503,"y":-0.3048458695411682,"z":0.2020486295223236,"w":-0.7757903933525086},"size":155.2270050048828,"orthographic":false}