{"cameraMode":{"drawMode":0,"name":"Shaded","section":"Shading Mode"},"sceneLighting":true,"audioPlay":false,"sceneViewState":{"showFog":true,"showMaterialUpdate":false,"showSkybox":true,"showFlares":true,"showImageEffects":true,"showParticleSystems":true},"in2DMode":false,"pivot":{"x":15.7272310256958,"y":-137.9569091796875,"z":105.54322052001953},"rotation":{"x":0.4459637403488159,"y":0.07074339687824249,"z":-0.03538597375154495,"w":0.8915489912033081},"size":201.34317016601563,"orthographic":false}