{"cameraMode":{"drawMode":0,"name":"Shaded","section":"Shading Mode"},"sceneLighting":true,"audioPlay":false,"sceneViewState":{"showFog":true,"showMaterialUpdate":false,"showSkybox":true,"showFlares":true,"showImageEffects":true,"showParticleSystems":true},"in2DMode":false,"pivot":{"x":-6.914084434509277,"y":-50.663230895996097,"z":-1.0613112449645997},"rotation":{"x":0.4928039312362671,"y":-0.4852977991104126,"z":0.39592546224594118,"w":0.6040475368499756},"size":113.20687866210938,"orthographic":false}