{"cameraMode":{"drawMode":0,"name":"Shaded","section":"Shading Mode"},"sceneLighting":true,"audioPlay":false,"sceneViewState":{"showFog":true,"showMaterialUpdate":false,"showSkybox":true,"showFlares":true,"showImageEffects":true,"showParticleSystems":true},"in2DMode":false,"pivot":{"x":8.90490436553955,"y":-11.455202102661133,"z":-5.893089294433594},"rotation":{"x":0.0382731556892395,"y":-0.9041979312896729,"z":0.4172302782535553,"w":0.08294742554426193},"size":74.81120300292969,"orthographic":false}