{"cameraMode":{"drawMode":0,"name":"Shaded","section":"Shading Mode"},"sceneLighting":false,"audioPlay":false,"sceneViewState":{"showFog":true,"showMaterialUpdate":false,"showSkybox":false,"showFlares":true,"showImageEffects":true,"showParticleSystems":true},"in2DMode":false,"pivot":{"x":0.02482471615076065,"y":0.43200868368148806,"z":0.2226109504699707},"rotation":{"x":-0.008615612983703614,"y":0.9716621041297913,"z":-0.2334798276424408,"w":-0.03585819900035858},"size":2.531639814376831,"orthographic":false}