{"cameraMode":{"drawMode":0,"name":"Shaded","section":"Shading Mode"},"sceneLighting":false,"audioPlay":false,"sceneViewState":{"showFog":true,"showMaterialUpdate":false,"showSkybox":false,"showFlares":true,"showImageEffects":true,"showParticleSystems":true},"in2DMode":false,"pivot":{"x":-0.060022950172424319,"y":0.7435898780822754,"z":-0.08103068917989731},"rotation":{"x":-0.427129328250885,"y":0.5712155699729919,"z":-0.4660199284553528,"w":-0.5235443711280823},"size":3.4878735542297365,"orthographic":false}