{"cameraMode":{"drawMode":0,"name":"Shaded","section":"Shading Mode"},"sceneLighting":false,"audioPlay":false,"sceneViewState":{"showFog":true,"showMaterialUpdate":false,"showSkybox":false,"showFlares":true,"showImageEffects":true,"showParticleSystems":true},"in2DMode":false,"pivot":{"x":0.3984813690185547,"y":0.7107024192810059,"z":-0.1923081874847412},"rotation":{"x":-0.12696096301078797,"y":0.8709961175918579,"z":-0.36601969599723818,"w":-0.3021196126937866},"size":6.645235538482666,"orthographic":false}