{"cameraMode":{"drawMode":0,"name":"Shaded","section":"Shading Mode"},"sceneLighting":true,"audioPlay":false,"sceneViewState":{"showFog":true,"showMaterialUpdate":false,"showSkybox":true,"showFlares":true,"showImageEffects":true,"showParticleSystems":true},"in2DMode":false,"pivot":{"x":-2.0112814903259279,"y":-6.5749053955078129,"z":0.2988471984863281},"rotation":{"x":0.5148108601570129,"y":0.20010359585285188,"z":-0.1249893382191658,"w":0.8242002725601196},"size":33.65331268310547,"orthographic":false}