{"cameraMode":{"drawMode":0,"name":"Shaded","section":"Shading Mode"},"sceneLighting":true,"audioPlay":false,"sceneViewState":{"showFog":true,"showMaterialUpdate":false,"showSkybox":true,"showFlares":true,"showImageEffects":true,"showParticleSystems":true},"in2DMode":false,"pivot":{"x":3.4143128395080568,"y":1.343872308731079,"z":-0.340756893157959},"rotation":{"x":-0.22279663383960725,"y":-0.07245618104934693,"z":0.016608061268925668,"w":-0.9720267653465271},"size":8.466900825500489,"orthographic":false}