{"cameraMode":{"drawMode":0,"name":"Shaded","section":"Shading Mode"},"sceneLighting":true,"audioPlay":false,"sceneViewState":{"showFog":true,"showMaterialUpdate":false,"showSkybox":true,"showFlares":true,"showImageEffects":true,"showParticleSystems":true},"in2DMode":false,"pivot":{"x":0.4441204071044922,"y":9.350881576538086,"z":19.94190788269043},"rotation":{"x":0.16799286007881165,"y":0.10771015286445618,"z":-0.018468335270881654,"w":0.979712188243866},"size":38.44204330444336,"orthographic":false}