{"cameraMode":{"drawMode":0,"name":"Shaded","section":"Shading Mode"},"sceneLighting":false,"audioPlay":false,"sceneViewState":{"showFog":true,"showMaterialUpdate":false,"showSkybox":false,"showFlares":true,"showImageEffects":true,"showParticleSystems":true},"in2DMode":false,"pivot":{"x":-0.09328688681125641,"y":0.5808535814285278,"z":1.2403022050857545},"rotation":{"x":0.000243579110247083,"y":0.9972718358039856,"z":-0.07374276965856552,"w":0.003291623666882515},"size":3.441244125366211,"orthographic":false}