{"cameraMode":{"drawMode":0,"name":"Shaded","section":"Shading Mode"},"sceneLighting":true,"audioPlay":false,"sceneViewState":{"showFog":true,"showMaterialUpdate":false,"showSkybox":true,"showFlares":true,"showImageEffects":true,"showParticleSystems":true},"in2DMode":false,"pivot":{"x":-66.16258239746094,"y":13.643624305725098,"z":61.552955627441409},"rotation":{"x":-0.077254518866539,"y":0.246226504445076,"z":-0.0196934062987566,"w":-0.9659277200698853},"size":91.88298797607422,"orthographic":false}