{"cameraMode":{"drawMode":0,"name":"Shaded","section":"Shading Mode"},"sceneLighting":false,"audioPlay":false,"sceneViewState":{"showFog":true,"showMaterialUpdate":false,"showSkybox":false,"showFlares":true,"showImageEffects":true,"showParticleSystems":true},"in2DMode":false,"pivot":{"x":-0.3791220188140869,"y":0.29873812198638918,"z":0.14295315742492677},"rotation":{"x":0.13940763473510743,"y":0.5767861604690552,"z":-0.10068397223949433,"w":0.7985900044441223},"size":3.557676315307617,"orthographic":false}