{"cameraMode":{"drawMode":0,"name":"Shaded","section":"Shading Mode"},"sceneLighting":true,"audioPlay":false,"sceneViewState":{"showFog":true,"showMaterialUpdate":false,"showSkybox":true,"showFlares":true,"showImageEffects":true,"showParticleSystems":true},"in2DMode":false,"pivot":{"x":-0.8185303211212158,"y":-0.5052738189697266,"z":0.12116050720214844},"rotation":{"x":-0.33989813923835757,"y":-0.10075057297945023,"z":0.03664916381239891,"w":-0.9343315362930298},"size":39.29697799682617,"orthographic":false}