{"cameraMode":{"drawMode":0,"name":"Shaded","section":"Shading Mode"},"sceneLighting":false,"audioPlay":false,"sceneViewState":{"showFog":true,"showMaterialUpdate":false,"showSkybox":false,"showFlares":true,"showImageEffects":true,"showParticleSystems":true},"in2DMode":false,"pivot":{"x":0.06290370970964432,"y":0.025691628456115724,"z":0.5714518427848816},"rotation":{"x":0.44376447796821597,"y":-0.018807675689458848,"z":0.009318828582763672,"w":0.8958975672721863},"size":3.441244125366211,"orthographic":false}