{"cameraMode":{"drawMode":0,"name":"Shaded","section":"Shading Mode"},"sceneLighting":true,"audioPlay":false,"sceneViewState":{"showFog":true,"showMaterialUpdate":false,"showSkybox":true,"showFlares":true,"showImageEffects":true,"showParticleSystems":true},"in2DMode":false,"pivot":{"x":-38.090721130371097,"y":2.481243133544922,"z":36.513519287109378},"rotation":{"x":0.22825756669044496,"y":-0.030653519555926324,"z":0.007192960474640131,"w":0.9730915427207947},"size":81.14686584472656,"orthographic":false}