{"cameraMode":{"drawMode":0,"name":"Shaded","section":"Shading Mode"},"sceneLighting":true,"audioPlay":false,"sceneViewState":{"showFog":true,"showMaterialUpdate":false,"showSkybox":true,"showFlares":true,"showImageEffects":true,"showParticleSystems":true},"in2DMode":false,"pivot":{"x":-0.8942645192146301,"y":33.93359375,"z":-15.81076431274414},"rotation":{"x":0.4811193346977234,"y":-0.37689515948295596,"z":0.24046805500984193,"w":0.7540884613990784},"size":6.473028659820557,"orthographic":false}