{"cameraMode":{"drawMode":0,"name":"Shaded","section":"Shading Mode"},"sceneLighting":true,"audioPlay":false,"sceneViewState":{"showFog":true,"showMaterialUpdate":false,"showSkybox":true,"showFlares":true,"showImageEffects":true,"showParticleSystems":true},"in2DMode":false,"pivot":{"x":79.26201629638672,"y":14.86163330078125,"z":0.0},"rotation":{"x":-0.0022560846991837026,"y":0.9951726794242859,"z":-0.09523278474807739,"w":-0.02360246330499649},"size":346.56109619140627,"orthographic":false}