{"cameraMode":{"drawMode":0,"name":"Shaded","section":"Shading Mode"},"sceneLighting":false,"audioPlay":false,"sceneViewState":{"showFog":true,"showMaterialUpdate":false,"showSkybox":false,"showFlares":true,"showImageEffects":true,"showParticleSystems":true},"in2DMode":false,"pivot":{"x":-0.009917974472045899,"y":0.8272647857666016,"z":-0.06144443154335022},"rotation":{"x":-0.1932748705148697,"y":-0.08905395120382309,"z":0.017617667093873025,"w":-0.9769359230995178},"size":2.241246461868286,"orthographic":false}