{"cameraMode":{"drawMode":0,"name":"Shaded","section":"Shading Mode"},"sceneLighting":true,"audioPlay":false,"sceneViewState":{"showFog":true,"showMaterialUpdate":false,"showSkybox":true,"showFlares":true,"showImageEffects":true,"showParticleSystems":true},"in2DMode":false,"pivot":{"x":17.909727096557618,"y":-22.451683044433595,"z":48.582763671875},"rotation":{"x":-0.26563364267349245,"y":-0.23922644555568696,"z":0.06822428852319718,"w":-0.9314263463020325},"size":100.64747619628906,"orthographic":false}