{"cameraMode":{"drawMode":0,"name":"Shaded","section":"Shading Mode"},"sceneLighting":true,"audioPlay":false,"sceneViewState":{"showFog":true,"showMaterialUpdate":true,"showSkybox":true,"showFlares":true,"showImageEffects":true,"showParticleSystems":true},"in2DMode":false,"pivot":{"x":-71.13742065429688,"y":-32.173065185546878,"z":125.28530883789063},"rotation":{"x":0.14621283113956452,"y":-0.16390091180801392,"z":0.024572711437940599,"w":0.9752715826034546},"size":190.94737243652345,"orthographic":false}