{"cameraMode":{"drawMode":0,"name":"Shaded","section":"Shading Mode"},"sceneLighting":true,"audioPlay":false,"sceneViewState":{"showFog":true,"showMaterialUpdate":false,"showSkybox":true,"showFlares":true,"showImageEffects":true,"showParticleSystems":true},"in2DMode":false,"pivot":{"x":-6.275935173034668,"y":5.16584587097168,"z":-6.4396653175354},"rotation":{"x":-0.5830204486846924,"y":-0.19642437994480134,"z":0.14787545800209046,"w":-0.7743626832962036},"size":29.084457397460939,"orthographic":false}