{"cameraMode":{"drawMode":0,"name":"Shaded","section":"Shading Mode"},"sceneLighting":false,"audioPlay":false,"sceneViewState":{"showFog":true,"showMaterialUpdate":false,"showSkybox":false,"showFlares":true,"showImageEffects":true,"showParticleSystems":true},"in2DMode":false,"pivot":{"x":0.7952961921691895,"y":-1.2618017196655274,"z":0.5041213035583496},"rotation":{"x":0.5244452953338623,"y":0.24586211144924165,"z":-0.16136667132377625,"w":0.7990430593490601},"size":7.896259307861328,"orthographic":false}