{"cameraMode":{"drawMode":0,"name":"Shaded","section":"Shading Mode"},"sceneLighting":false,"audioPlay":false,"sceneViewState":{"showFog":true,"showMaterialUpdate":false,"showSkybox":false,"showFlares":true,"showImageEffects":true,"showParticleSystems":true},"in2DMode":false,"pivot":{"x":10.436179161071778,"y":-6.3428263664245609,"z":-0.9277022480964661},"rotation":{"x":-0.07721849530935288,"y":-0.8710504174232483,"z":0.14532868564128877,"w":-0.4628046154975891},"size":33.02062225341797,"orthographic":false}