{"cameraMode":{"drawMode":0,"name":"Shaded","section":"Shading Mode"},"sceneLighting":true,"audioPlay":false,"sceneViewState":{"showFog":true,"showMaterialUpdate":false,"showSkybox":true,"showFlares":true,"showImageEffects":true,"showParticleSystems":true},"in2DMode":false,"pivot":{"x":13.141162872314454,"y":-54.955345153808597,"z":14.892547607421875},"rotation":{"x":0.5075954794883728,"y":0.3253019452095032,"z":-0.21490542590618134,"w":0.7683366537094116},"size":120.77239227294922,"orthographic":false}